id,tenant_id,menu_id,order_by
PFkogKT99gSsRHThP7xIcV,ZDbZlC1OT8KaDg6soxMCBQ,6ZeQOSTtRpGy+467HJZuBw,10000
ZxGHLP6zcf5WTV/9Y1nwWm,ZDbZlC1OT8KaDg6soxMCBQ,LiRTLUICQA2SRlJgYoNmnA,10001
xfTEggJtih2UY44uoH2Yo8,ZDbZlC1OT8KaDg6soxMCBQ,1oTQS2N4TsKhvk7Rnq4hAg,10002
jh02nvJZ7lQVV0YWjyf/xB,ZDbZlC1OT8KaDg6soxMCBQ,39x+H1+ORkq2kagjfYlSgw,10003
xvSpE9u7oKfJDUUhA9BGYc,ZDbZlC1OT8KaDg6soxMCBQ,TO8DBpthSvG2/XDWOwAqtA,10031
wmVri7wQsQ0ohzb4W8HZWY,ZDbZlC1OT8KaDg6soxMCBQ,AE6NzvHDQ3CSMdhPlSHCdg,10041
+sb7ZXmMhFyu7kZJdYw7RS,ZDbZlC1OT8KaDg6soxMCBQ,9mMZgzvwTNWB8glB+h4KFg,10043
N2mQhTZQsmFmqSn+6POd+7,ZDbZlC1OT8KaDg6soxMCBQ,K2mq1MJTRdeqyP7f9oFTIQ,10045
qYMK0BbJMO5gQl9lm+qn9d,ZDbZlC1OT8KaDg6soxMCBQ,m2YNsC/+RHOG66TLKjMHlA,10046
BaDzgW9TqTbSoBqy8272D0,ZDbZlC1OT8KaDg6soxMCBQ,ecLh8jMSQgi3N1qWaWgdsA,10047
9E1I/e2zPti/HkwROCYfxD,ZDbZlC1OT8KaDg6soxMCBQ,URsPZOBmRrCCcqZBI4J3xw,10048
oSZfuTEy5IwLBGF6PvVYPh,ZDbZlC1OT8KaDg6soxMCBQ,L+1jMngoQImVmBCHnhcz8A,10049
rVNZctcVqw5dZJzMW6zk+L,ZDbZlC1OT8KaDg6soxMCBQ,UVFbKnOJRfelRv93YtbqBQ,10051
p51pv69IshZSBY7wofoAPO,ZDbZlC1OT8KaDg6soxMCBQ,PJk939H5R8iY8o+jZ2rQkg,10052
t43pGl8vz/dYbV/n6N8l3g,ZDbZlC1OT8KaDg6soxMCBQ,HTt8ThGSRO2Gisb0ym4XbA,10053
n8oU0AEcr7KYNnyZ6+eSYs,ZDbZlC1OT8KaDg6soxMCBQ,CLS7/z9CRoqU72vUE7vdGA,10054
MKNc7JcMJtBpmUmhX7+H/l,ZDbZlC1OT8KaDg6soxMCBQ,avUSu4oaRnuqAAZ5zXxX9g,10055
pRzzssPtRr0f1E6ffS+VT9,ZDbZlC1OT8KaDg6soxMCBQ,5lhD4VfTQs2vzkZUx8U+ew,10056
Wk6tbsNY9OqBA2UQWt1n0o,ZDbZlC1OT8KaDg6soxMCBQ,vU3glaDcRtSU6zYA02lxbA,10057
becY7zOkTrZZ9nlULrtLWk,ZDbZlC1OT8KaDg6soxMCBQ,udIlgfLwS4SoJ8ZnLl8CqQ,10058
D8Vjr4NKbofidUCKrMug0g,ZDbZlC1OT8KaDg6soxMCBQ,yOszxpUcTtCwoUZvFeXhow,10059
d5ZpSN42V9SwB3FnQuzf6e,ZDbZlC1OT8KaDg6soxMCBQ,6Z68pDPOR9K4RYzKB0W/qQ,10060
gMxf5JByD7xC/okPEo+LTX,ZDbZlC1OT8KaDg6soxMCBQ,BFzmxWyOQp6ynDfWZakidw,10061
mekRDTS5449c7CfmzZDcfL,ZDbZlC1OT8KaDg6soxMCBQ,u6u2+OH9QJCw1QTvDvyFVg,10062
