id,lang_id,menu_id,code,lbl
fZ27Q16tTveXV6HvKNRQ7w,eYHRCo6WQFm4TBWYzAdERg,,新增,Add
WUKhs9JYQTaTVT0eRq4sgQ,eYHRCo6WQFm4TBWYzAdERg,,新增选项,AddOption
kO9HdH0pTNSQNMQfr9bRWA,eYHRCo6WQFm4TBWYzAdERg,,请选择需要 复制 的 {0},Please select the {0} to be copied
7rn6J85YQNmTN5N5quMBlQ,eYHRCo6WQFm4TBWYzAdERg,,复制,Copy
vrNmFTvnSY2+uWNMC8y3iw,eYHRCo6WQFm4TBWYzAdERg,,请选择需要 编辑 的 {0},Please select the {0} to be edited
ew9eZD8CSQK++Gle8Hixuw,eYHRCo6WQFm4TBWYzAdERg,,修改,Edit
D0S3CGgkTiKnwQTvPNfQjA,eYHRCo6WQFm4TBWYzAdERg,,查询,Query
5XtJyEEVRva0Ocml9tUhPg,eYHRCo6WQFm4TBWYzAdERg,,重置,Reset
faDtIsBSS6WpS6AWUXED9w,eYHRCo6WQFm4TBWYzAdERg,,查看,View
v8Z1SP9XQFOvCwy7fIpL4A,eYHRCo6WQFm4TBWYzAdERg,,更多操作,More
xOznNREdRHCCIKTp0k1iyw,eYHRCo6WQFm4TBWYzAdERg,,导出,Export
Wt93C3mSQx6pZUNW85yw1g,eYHRCo6WQFm4TBWYzAdERg,,导入,Import
JkWwsuLWRMaWynTZ6HbxJw,eYHRCo6WQFm4TBWYzAdERg,,编辑,Edit
I8WJ2AsaTDOB2hS77TCBFg,eYHRCo6WQFm4TBWYzAdERg,,彻底删除,CompletelyDelete
M38ch+hfQ2y/PgxEi+E73Q,eYHRCo6WQFm4TBWYzAdERg,,刷新,Refresh
vzmcwe85T0KOmHplKo6QbQ,eYHRCo6WQFm4TBWYzAdERg,,列操作,ColumnOperation
mU3dccCaQnqQPfEHFOHjNg,eYHRCo6WQFm4TBWYzAdERg,,暂存,Temporary
usxeViWkST2e3n+X5d5j8Q,eYHRCo6WQFm4TBWYzAdERg,,查询条件暂存,Query condition temporary
GCBs6skUQ3GexqpWaDu9GQ,eYHRCo6WQFm4TBWYzAdERg,,回收站,RecycleBin
StE2amFsSJiElbM7PxnwVg,eYHRCo6WQFm4TBWYzAdERg,,已选择,Selected
6KZKnzQtTsa8FZ0fdWHnBA,eYHRCo6WQFm4TBWYzAdERg,,关闭,Close
IJPZm2VfSqqG19Z9ZYWxYQ,eYHRCo6WQFm4TBWYzAdERg,,保存并继续,SaveAndContinue
VqqkyIB1Re21lVhuvRsihw,eYHRCo6WQFm4TBWYzAdERg,,确定要重置表单吗,Are you sure to reset the form
mbEJzZ9cTrmBjbzEKnfg8g,eYHRCo6WQFm4TBWYzAdERg,,确定删除已选择的 {0} {1},Are you sure to delete the {0} selected {1}
HXFOFaPORbGSpz7sr/HCfQ,eYHRCo6WQFm4TBWYzAdERg,,请选择需要删除的 {0},Please select the {0} to be deleted
XnNZCoA4SNWRxmn8lSxqjQ,eYHRCo6WQFm4TBWYzAdERg,,无权限,Unauthorized
6UlLyJULTUGhnwLGl8JWiw,eYHRCo6WQFm4TBWYzAdERg,,删除 {0} {1} 成功,Delete {0} {1} successfully
5Up5WozrQdqYGKBpnPU2eQ,eYHRCo6WQFm4TBWYzAdERg,,请选择需要 彻底删除 的 {0},Please select the {0} to be completely deleted
XWNj4QGQSvq/XDcZBTWC+A,eYHRCo6WQFm4TBWYzAdERg,,确定 彻底删除 已选择的 {0} {1},Confirm to completely delete the {0} selected {1}
eV7MehtaQeGRDiw9BGYsfA,eYHRCo6WQFm4TBWYzAdERg,,彻底删除 {0} {1} 成功,Completely delete {0} {1} successfully
r3RnSlUORpm/WtAQp0vCyg,eYHRCo6WQFm4TBWYzAdERg,,请选择需要还原的 {0},Please select the {0} to be restored
mIUhD5roTOG3xXYR9ESTAA,eYHRCo6WQFm4TBWYzAdERg,,确定还原已选择的 {0} {1},Confirm to restore the {0} selected {1}
2KP/vPmjRv6EPd75rvL7Gg,eYHRCo6WQFm4TBWYzAdERg,,还原 {0} {1} 成功,Successfully restored {0} {1}
sefsRmhfStma5j9MdOEwJg,eYHRCo6WQFm4TBWYzAdERg,,请选择需要查看的 {0},Please select the {0} to be viewed
PWdm/EMmRPiZlksqHSRDSQ,eYHRCo6WQFm4TBWYzAdERg,,加载中...,Loading...
s/qvBvhPT1GI5qHYAM+GxA,eYHRCo6WQFm4TBWYzAdERg,,页面不存在,Page not found
x5IqSxyhSX22u/k2VKq2Cw,eYHRCo6WQFm4TBWYzAdERg,,返回,Return
ZV8kYusYQdafQKcS/lv6sw,eYHRCo6WQFm4TBWYzAdERg,,返回首页,ReturnHome
Muax5v/uR5GM83WxU1qiQQ,eYHRCo6WQFm4TBWYzAdERg,,菜单导航,MenuNavigation
YmjmzT5DTQW0Fnub85cCzQ,eYHRCo6WQFm4TBWYzAdERg,,确定,Confirm
e3FmYcfiRd+z/ZzZylpL2Q,eYHRCo6WQFm4TBWYzAdERg,,取消,Cancel
AKrVZI1QRM27oK3W2IHFuw,eYHRCo6WQFm4TBWYzAdERg,,锁定,Lock
LTC+KNAjRe+usenZJpq7aA,eYHRCo6WQFm4TBWYzAdERg,,解锁,Unlock
BvK1jCQXS8iFkXTNw2baRg,eYHRCo6WQFm4TBWYzAdERg,,请选择需要 锁定 的 {0},Please select the {0} to be locked
ZQzdh2afTpOgw6RnWPsr6A,eYHRCo6WQFm4TBWYzAdERg,,请选择需要 解锁 的 {0},Please select the {0} to be unlocked
AOcCPjhwRHOVOSEtocA8Sg,eYHRCo6WQFm4TBWYzAdERg,,锁定 {0} 条数据成功,Lock {0} pieces of data successfully
Y4diBPPWT6iYiJ80K/BsNA,eYHRCo6WQFm4TBWYzAdERg,,解锁 {0} 条数据成功,Unlock {0} pieces of data successfully
Fa/M4Hm+TzeSbxNgswDLxA,eYHRCo6WQFm4TBWYzAdERg,,启用,Enable
5cdJHes9SVORXOO78XrD2g,eYHRCo6WQFm4TBWYzAdERg,,禁用,Disable
K7T6R6BUTOmIPaAJcigjow,eYHRCo6WQFm4TBWYzAdERg,,请选择需要 启用 的 {0},Please select the {0} to be enabled
Vqkxp3edR4qWlBEd+j5lqw,eYHRCo6WQFm4TBWYzAdERg,,请选择需要 禁用 的 {0},Please select the {0} to be disabled
veXuk6hkQwSpeCOdeq647A,eYHRCo6WQFm4TBWYzAdERg,,启用 {0} 条数据成功,Enable {0} pieces of data successfully
i4rpKYiKSUm8+XQjG7CreA,eYHRCo6WQFm4TBWYzAdERg,,禁用 {0} 条数据成功,Disable {0} pieces of data successfully
vi091MmERpaIolbY0wurxQ,eYHRCo6WQFm4TBWYzAdERg,,还原 {0} {1} 成功,Restore {0} pieces of {1} successfully
0LrK+P3jSQ+qM+tF6AQjzg,eYHRCo6WQFm4TBWYzAdERg,,请输入,Please enter
PoSjTPGDTKeBfyCMIV7BlA,eYHRCo6WQFm4TBWYzAdERg,,请选择,Please select
X4iqaZHZQWqYymzn+6jR3A,eYHRCo6WQFm4TBWYzAdERg,,批量导入,BatchImport
rnt8uL28SAqd6t54qTxoFQ,eYHRCo6WQFm4TBWYzAdERg,,正在导入...,Importing...
ZaCobtbNQzaNKD5TjUT08Q,eYHRCo6WQFm4TBWYzAdERg,,新增成功,Add successfully
ap02DeGpSqOjwhrKB2/QTA,eYHRCo6WQFm4TBWYzAdERg,,编辑成功,Edit successfully
+zKiTrzFQX+ND9G4vZReqQ,eYHRCo6WQFm4TBWYzAdERg,,取消,Cancel
EtCtoR6uTHKOHm04GLjWzw,eYHRCo6WQFm4TBWYzAdERg,,保存,Save
vZVGIYeHSoOGz7S38Z48GA,eYHRCo6WQFm4TBWYzAdERg,,上一项,Previous
pKJZq3tvQIiV0dYXa4ifXA,eYHRCo6WQFm4TBWYzAdERg,,下一项,Next
wucgwrfnTKSS692qi99evQ,eYHRCo6WQFm4TBWYzAdERg,,开始,Start
l/WT4PwjQb+dp6w8ZPpeyg,eYHRCo6WQFm4TBWYzAdERg,,结束,End
6P8zoCV/QnuUg0leIKg5ag,eYHRCo6WQFm4TBWYzAdERg,,最小值,Minimum
3vXJAaeKTkaO9dZShidqow,eYHRCo6WQFm4TBWYzAdERg,,最大值,Maximum
OdsLJ8o4TF22Q2ct5e9ZyA,eYHRCo6WQFm4TBWYzAdERg,,清空已选择,EmptySelected
GsR5298hT3+2UsXunubQ+Q,eYHRCo6WQFm4TBWYzAdERg,,收起,PutAway
aEPb2Xe2RqKkiq4m4o8ceg,eYHRCo6WQFm4TBWYzAdERg,,展开,Expand
llTNTVQMStC2Crv4qI0scw,eYHRCo6WQFm4TBWYzAdERg,,正在导出,Exporting
yceC83G8Q/uTBSAQnCBtjg,eYHRCo6WQFm4TBWYzAdERg,,正在为导出加载数据,Loading data for export
0h5oHEKpSZ+J30ISsIFsEQ,eYHRCo6WQFm4TBWYzAdERg,,取消导出,CancelExport
RYCiu4wDSaa+56MTJvPYJg,eYHRCo6WQFm4TBWYzAdERg,,请选择需要编辑的 {0},Please select the {0} to be edited
N6W4IAFhTgWs1L3Irraouw,eYHRCo6WQFm4TBWYzAdERg,,启用 {0} {1} 成功,Enable {0} {1} successfully
E9ydq1wOT2KYXFgssznJrg,eYHRCo6WQFm4TBWYzAdERg,,禁用 {0} {1} 成功,Disable {0} {1} successfully
pz4L4BanSTSTbcPMAvh9mw,eYHRCo6WQFm4TBWYzAdERg,,请选择需要 锁定 的 {0},Please select the {0} to be locked
aWFRKUkwSbaZLeXvbuywHg,eYHRCo6WQFm4TBWYzAdERg,,请选择需要 解锁 的 {0},Please select the {0} to be unlocked
HjaG/S3CTUGZDiRejgFcUA,eYHRCo6WQFm4TBWYzAdERg,,锁定 {0} {1} 成功,Lock {0} {1} successfully
3BAjAiGjT92+oYwHFN5cXg,eYHRCo6WQFm4TBWYzAdERg,,解锁 {0} {1} 成功,Unlock {0} {1} successfully
CWZ/qefeQUKsRcj4NyVLXQ,eYHRCo6WQFm4TBWYzAdERg,,只能选择 1 {0},Only 1 {0} can be selected
pq1F23ZQTN2pCpiGkZbD8w,eYHRCo6WQFm4TBWYzAdERg,,选择,Select
WHWGnDIcRRGqBcZBsbh7dg,eYHRCo6WQFm4TBWYzAdERg,,是,Yes
7poQDInkQMyVsnHw/gv6Xw,eYHRCo6WQFm4TBWYzAdERg,,否,No
YZip9Eu4RymkDxcBnfoMDg,eYHRCo6WQFm4TBWYzAdERg,,序号,Sequence
+3i7psAQT9uOCXippeLPyQ,eYHRCo6WQFm4TBWYzAdERg,,操作,Operation
IS9oACESTj2PZw8cqQWG4g,eYHRCo6WQFm4TBWYzAdERg,,不能大于 {0},Cannot be greater than {0}
jMxeC6yGQnawY8DZAo2B3Q,eYHRCo6WQFm4TBWYzAdERg,,不能小于 {0},Cannot be less than {0}
xMwn5VMqTYCVgZ2Vqm9L6A,eYHRCo6WQFm4TBWYzAdERg,,长度不能超过 {0},Length cannot be greater than {0}
99FIv+PcShuKSSkBjzy/rQ,eYHRCo6WQFm4TBWYzAdERg,,长度不能小于 {0},Length cannot be less than {0}
31PKn3S3TsOabJ9gu2hhag,eYHRCo6WQFm4TBWYzAdERg,,格式不正确,Incorrect format
W0+sDcLuSlCfUtRLeEVZkQ,eYHRCo6WQFm4TBWYzAdERg,,请输入正确的电子邮件,Please enter a valid email
1qg5PvvGQ2iyjiQryQY0+A,eYHRCo6WQFm4TBWYzAdERg,,请输入正确的网址,Please enter a valid URL
GdNQqDzbRIO/NnUpOlUKIQ,eYHRCo6WQFm4TBWYzAdERg,,请输入正确的IP地址,Please enter a valid IP address
C2OkwJjSTvKqZefFCtiY1Q,eYHRCo6WQFm4TBWYzAdERg,,(已删除),(Deleted)
i/Hl77nqS9KZQia/RBsYCw,eYHRCo6WQFm4TBWYzAdERg,,(已锁定),(Locked)
RhZ6CvGpTeyM3E+BXytZoA,eYHRCo6WQFm4TBWYzAdERg,,(无编辑权限),(No edit permission)
DqpSMQO3QzeYpdnb3s9dvQ,eYHRCo6WQFm4TBWYzAdERg,,表单重置完毕,Form reset completed
hZJZkMJ2RUKqTrF/g9JfSw,eYHRCo6WQFm4TBWYzAdERg,,此 {0} 已被其他用户编辑，是否刷新?,"This {0} has been edited by other users, do you want to refresh?"
9W6HYyyITPOPf3aasY2sOw,eYHRCo6WQFm4TBWYzAdERg,,"此 {0} 已被其他用户删除, 是否关闭窗口","This {0} has been deleted by other users, do you want to close the window"
+zum3qowTJqSzHI4gT9TbA,eYHRCo6WQFm4TBWYzAdERg,,已经是第一项了,Already the first item
mN3XgXQGRIWbE/URNS9+PA,eYHRCo6WQFm4TBWYzAdERg,,已经是最后一项了,Already the last item
qpgmCxo3RdSsuMSHlq6Vwg,eYHRCo6WQFm4TBWYzAdERg,,删除 {0} 项,Delete {0} items
mJyKkSAVRT2Fb/WcSl8Ulw,eYHRCo6WQFm4TBWYzAdERg,,新增 {0} 项,Add {0} items
pzC77w0kSbqQNhsGCku4aA,eYHRCo6WQFm4TBWYzAdERg,,清空缓存,EmptyCache
nXQOC6jhQmuzgAfwDJWkDQ,eYHRCo6WQFm4TBWYzAdERg,,登录,Login
yBMNox/PRjiY6ZA+IjrVYw,eYHRCo6WQFm4TBWYzAdERg,,正在登录,Logging in
U6qHwLCCRvmqfcVdChOfxg,eYHRCo6WQFm4TBWYzAdERg,,全部,All
DU4zbJ/5TnW3AHxqD8n6hw,eYHRCo6WQFm4TBWYzAdERg,,(全部),(All)
9MHl8AplRqebS0ctpY6b1A,eYHRCo6WQFm4TBWYzAdERg,,黑暗模式,Dark
+sxJ+cuoRe+feANk7dKK4Q,eYHRCo6WQFm4TBWYzAdERg,,明亮模式,Light
v8EjZv5fRhSn3zZKIMSIXw,eYHRCo6WQFm4TBWYzAdERg,,关闭其它,Close others
h6OJpDT6RTqPK/XLphvBug,eYHRCo6WQFm4TBWYzAdERg,,打开首页,Open home page
I6b/C/MBTdOpzhHmeJezhA,eYHRCo6WQFm4TBWYzAdERg,,修改密码,Changepassword
67kkb7Y8QxSI4CF+NGIAuw,eYHRCo6WQFm4TBWYzAdERg,,退出登录,Logout
cOkcWEbRTf23e6eHc3zu2w,eYHRCo6WQFm4TBWYzAdERg,,全选,SelectAll
6h7IZQ0GQ/2ICSf7tDclyA,eYHRCo6WQFm4TBWYzAdERg,,数据已经存在,Data already exists
EwhF0nxvR42gRKIlMobH6w,eYHRCo6WQFm4TBWYzAdERg,,不能修改已经锁定的数据,Unable to modify locked data
qsJon7BaT1GenCH7sK2B1A,eYHRCo6WQFm4TBWYzAdERg,,不能删除已经锁定的数据,Unable to delete locked data
0IisbqBXQDuSf9fRPBfUdg,eYHRCo6WQFm4TBWYzAdERg,,版本号,Version
9oS3go9ASMahCddminFdUw,eYHRCo6WQFm4TBWYzAdERg,,创建人,Creator
q3FYtUyXSYiDzDTgcQ4SLQ,eYHRCo6WQFm4TBWYzAdERg,,创建时间,CreateTime
+W2rlzsJS16EVWB5yzvtPA,eYHRCo6WQFm4TBWYzAdERg,,更新人,Updater
ziPsIVUAQMav3m6YNTt+hQ,eYHRCo6WQFm4TBWYzAdERg,,更新时间,UpdateTime
VXqqQfe6RImljIdOJgP3+w,eYHRCo6WQFm4TBWYzAdERg,,删除,Delete
wKQ4ZjuCQuis7LpZXVaYFg,eYHRCo6WQFm4TBWYzAdERg,,删除时间,DeletionTime
u81qzHdvQvWnLcp/AwDEvA,eYHRCo6WQFm4TBWYzAdERg,,导出失败,Export failed
tnPRnqK3Qr2Di7MKeK3Pdg,eYHRCo6WQFm4TBWYzAdERg,,上传,Upload
j0q2AJ+NS4iln8PIDX2GgA,eYHRCo6WQFm4TBWYzAdERg,,下载,Download
Ns1W3ROITMWZ2/xLorRZMw,eYHRCo6WQFm4TBWYzAdERg,,打印,Print
+FHxokPLQBu7iTrUmIEiBQ,eYHRCo6WQFm4TBWYzAdERg,,网页中打开,OpenInWeb
516Y0LTNTQWPQGudS23k9Q,eYHRCo6WQFm4TBWYzAdERg,,前移,MoveForward
+haDYzDcQwa9q6WwQkIiBQ,eYHRCo6WQFm4TBWYzAdERg,,后移,MoveBackward
7JEso81eTfu6anGus5GTUg,eYHRCo6WQFm4TBWYzAdERg,,(暂无附件),(No attachments)
MO6g+QxgSFKsLGV4J59+4Q,eYHRCo6WQFm4TBWYzAdERg,,"加载中, 请稍后...","Loading, please wait..."
v5spr5iTQP2pwmIa/wn30w,eYHRCo6WQFm4TBWYzAdERg,,最多只能上传 {0} 个附件,Up to {0} attachments can be uploaded
pO8sqGu0T86hQiXQiI3qZw,eYHRCo6WQFm4TBWYzAdERg,,确定删除当前附件吗？,Are you sure you want to delete the current attachment?
A5dcTiQkTrahFOf21g4nHQ,eYHRCo6WQFm4TBWYzAdERg,,删除成功,Delete successfully
KQpyJoZKQzWXiSvlooyOSw,eYHRCo6WQFm4TBWYzAdERg,,"文件 {0} 尚未上传, 确定取消?","File {0} has not been uploaded, are you sure you want to cancel?"
/wvTeQcJRVCFeg/y/0md1g,eYHRCo6WQFm4TBWYzAdERg,,正在导入,Importing
2PgaOD36T62/1cxu8VGp5A,eYHRCo6WQFm4TBWYzAdERg,,确定停止导入?,Confirm to stop importing?
88xPEhoPTlu4wmyzSDo+/A,eYHRCo6WQFm4TBWYzAdERg,,停止导入,StopImporting
zxiXsZxSQnGO+NZxMh6Riw,eYHRCo6WQFm4TBWYzAdERg,,我再想想,Let me think again
QtJ1lzrySIyg2rtYpK/3Vw,eYHRCo6WQFm4TBWYzAdERg,,"修改失败, 数据已被删除","Modification failed, data has been deleted"
2fVeWJpJSYSGmvXqOBTmcw,eYHRCo6WQFm4TBWYzAdERg,,文件,File
kpBkVS2KThu8zjGuRViXFg,eYHRCo6WQFm4TBWYzAdERg,,下载导入模板,DownloadImportTemplate
hBnG+uPxSAKYeZW7cz2Q8Q,eYHRCo6WQFm4TBWYzAdERg,,导入模板,ImportTemplate
7yL2KUvpR4CVWo6EIWGLxg,eYHRCo6WQFm4TBWYzAdERg,,确定删除当前图片吗？,Are you sure you want to delete the current image?
S2zIGxt1QVWQ4qInwJbTtQ,eYHRCo6WQFm4TBWYzAdERg,,最多只能上传 {0} 张图片,Up to {0} images can be uploaded
1jIapXE8TReM5lBioI548g,eYHRCo6WQFm4TBWYzAdERg,,文件大小不能超过 {0}M,File size cannot exceed {0}M
4nIR5P8fTgSVedWwJbcjoQ,eYHRCo6WQFm4TBWYzAdERg,,还原,Restore
5LoNLP+jRBOyu7FjQHfv1A,eYHRCo6WQFm4TBWYzAdERg,,不能删除系统记录,Unable to delete system records
AEbisem9RoGpMlyNfVcjKQ,eYHRCo6WQFm4TBWYzAdERg,,管理系统,Management System
Egt9hJQZR/Saw0l2s4Kfmg,eYHRCo6WQFm4TBWYzAdERg,,管理系统 (测试库),Management System (Test)
TTVr2duJTVitqhlRtx0AkA,eYHRCo6WQFm4TBWYzAdERg,,确定清空缓存?,Confirm to clear the cache?
hapETeJGSYi4S5dBhQkvdQ,eYHRCo6WQFm4TBWYzAdERg,,确定退出登录?,Confirm to log out?
2Arl4LHQQ+OxPhSTXGMRvQ,eYHRCo6WQFm4TBWYzAdERg,,提示,Notice
NfPTtF6NRbq5el7FIOM2xw,eYHRCo6WQFm4TBWYzAdERg,,(无),(None)
dT/ThknvTP+MQhtHA+JRxA,eYHRCo6WQFm4TBWYzAdERg,,(自动生成),(Auto-generated)
,,,,
J+CaMSQBRb2nbqcBNToQxw,eYHRCo6WQFm4TBWYzAdERg,,菜单,Menu
m+u0jFNWRVKuckxtHF25kQ,eYHRCo6WQFm4TBWYzAdERg,,角色,Role
tgr2DL5RSeWThcu8S3ubjA,eYHRCo6WQFm4TBWYzAdERg,,域名,Domain
B1Bn/r+STUax/4wENS81+Q,eYHRCo6WQFm4TBWYzAdERg,,租户,Tenant
gdUnJ0TyTSWrLfhgrPO8RA,eYHRCo6WQFm4TBWYzAdERg,,用户,User
uiKexDxcRNmlYfixql+9gA,eYHRCo6WQFm4TBWYzAdERg,,后台任务,BackgroundTask
pZbsbRwIQAagtwMlsNEdew,eYHRCo6WQFm4TBWYzAdERg,,系统选项,SystemOptions
q1n9kr5pQvKabsbXQ0k6VQ,eYHRCo6WQFm4TBWYzAdERg,,业务选项,BusinessOptions
D/bX0BupSiaR4eSslqLHNA,eYHRCo6WQFm4TBWYzAdERg,,操作记录,OperationRecord
KTv+0RbLQgi82zsEHC7NuA,eYHRCo6WQFm4TBWYzAdERg,,组织,Organization
WdOehFxyTECkrNLguYpLmQ,eYHRCo6WQFm4TBWYzAdERg,,部门,Department
pVT9ABSXRrmiq9yqsKZ06g,eYHRCo6WQFm4TBWYzAdERg,,系统字典,SystemDictionary
0/RW+l6RRfqsxdHZNYHrsQ,eYHRCo6WQFm4TBWYzAdERg,,系统字典明细,SystemDictionaryDetail
lSLoAiKjRaiIYPtyHcvYCw,eYHRCo6WQFm4TBWYzAdERg,,业务字典,BusinessDictionary
wRxKHEiyTE+spOIAWqZQmA,eYHRCo6WQFm4TBWYzAdERg,,业务字典明细,BusinessDictionaryDetail
EMEX1Dz4QOGPtjyYkpDQXg,eYHRCo6WQFm4TBWYzAdERg,,语言,Language
4lnlqmXiQQaMA2PMEt0eVg,eYHRCo6WQFm4TBWYzAdERg,,国际化,Internationalization
9RHJFnA8S4ysCw1jVAl3KQ,eYHRCo6WQFm4TBWYzAdERg,,按钮权限,ButtonPermission
3+tOTmGITJS9p75ytJg/Ag,eYHRCo6WQFm4TBWYzAdERg,,数据权限,DataPermission
bqpkMGOQQZOjfsVEoz3gXg,eYHRCo6WQFm4TBWYzAdERg,,字段权限,FieldPermission
WHu9lZGdTBqxiod/SoBJKw,eYHRCo6WQFm4TBWYzAdERg,,登录日志,LoginLog
WtH0Y6/xSW+YqVZ76bioYA,eYHRCo6WQFm4TBWYzAdERg,,租户管理员密码,TenantAdminPassword
,,,,
jhcFcX6NQrSInCjeP5RSmg,eYHRCo6WQFm4TBWYzAdERg,LiRTLUICQA2SRlJgYoNmnA,父菜单,Parent Menu
m8XOFssQR4aeckWe2sshwA,eYHRCo6WQFm4TBWYzAdERg,LiRTLUICQA2SRlJgYoNmnA,名称,Name
tO2N03wYSA+eLCQ222MLQg,eYHRCo6WQFm4TBWYzAdERg,LiRTLUICQA2SRlJgYoNmnA,路由,Route
kKLlAZFLT6Cm7Qe3b4jhCQ,eYHRCo6WQFm4TBWYzAdERg,LiRTLUICQA2SRlJgYoNmnA,参数,Parameter
jbJd3+0ETFSGDkSOtLvFxg,eYHRCo6WQFm4TBWYzAdERg,LiRTLUICQA2SRlJgYoNmnA,锁定,Lock
LopYWv3KTkywPdEInpYf3w,eYHRCo6WQFm4TBWYzAdERg,LiRTLUICQA2SRlJgYoNmnA,启用,Enable
16UdsUq4StC+yWKMtS4qxQ,eYHRCo6WQFm4TBWYzAdERg,LiRTLUICQA2SRlJgYoNmnA,排序,Sort
Bdr9BXyoTeG5p94rO+VlTw,eYHRCo6WQFm4TBWYzAdERg,LiRTLUICQA2SRlJgYoNmnA,备注,Remark
8BmLQXlFSXSkM6Z60M4/7w,eYHRCo6WQFm4TBWYzAdERg,LiRTLUICQA2SRlJgYoNmnA,创建人,Creator
TK+Wk1pLTcWHW1iYZqrJ/A,eYHRCo6WQFm4TBWYzAdERg,LiRTLUICQA2SRlJgYoNmnA,创建时间,CreateTime
0eJqdkdcTZqSIuHj/0gNfQ,eYHRCo6WQFm4TBWYzAdERg,LiRTLUICQA2SRlJgYoNmnA,更新人,Updater
rsEfVMxGSAGI9diNsfZAPQ,eYHRCo6WQFm4TBWYzAdERg,LiRTLUICQA2SRlJgYoNmnA,更新时间,UpdateTime
,,,,
yMGixZooTKmMJpBnT+Gb8g,eYHRCo6WQFm4TBWYzAdERg,1oTQS2N4TsKhvk7Rnq4hAg,名称,Name
yVh+gQOvRMiNVc0wPv2HCw,eYHRCo6WQFm4TBWYzAdERg,1oTQS2N4TsKhvk7Rnq4hAg,首页,Home
3dnUGb4hQbi4GZstkHVVFg,eYHRCo6WQFm4TBWYzAdERg,1oTQS2N4TsKhvk7Rnq4hAg,菜单权限,MenuPermission
hL+pKYOrQduxGX+PE5kV3w,eYHRCo6WQFm4TBWYzAdERg,1oTQS2N4TsKhvk7Rnq4hAg,按钮权限,ButtonPermission
GW5RUlWwRxqAK7gmL34gaA,eYHRCo6WQFm4TBWYzAdERg,1oTQS2N4TsKhvk7Rnq4hAg,数据权限,DataPermission
yOgkz+eOTjyO1dut3etS/A,eYHRCo6WQFm4TBWYzAdERg,1oTQS2N4TsKhvk7Rnq4hAg,字段权限,FieldPermission
uSdOl7qfRJqmr4GJBWT0XQ,eYHRCo6WQFm4TBWYzAdERg,1oTQS2N4TsKhvk7Rnq4hAg,锁定,Lock
Ck2PivMwRL2fPZH8yyhsbQ,eYHRCo6WQFm4TBWYzAdERg,1oTQS2N4TsKhvk7Rnq4hAg,启用,Eanble
uXsHNra8QLyZra7zuZSFsg,eYHRCo6WQFm4TBWYzAdERg,1oTQS2N4TsKhvk7Rnq4hAg,排序,Sort
gQY4j5UdRDiqYSiySKmQIA,eYHRCo6WQFm4TBWYzAdERg,1oTQS2N4TsKhvk7Rnq4hAg,备注,Remark
l5Hsb/0lTBengJfPauXAKA,eYHRCo6WQFm4TBWYzAdERg,1oTQS2N4TsKhvk7Rnq4hAg,创建人,Creator
zhWvwAmJQiexRDBuPwL/Hw,eYHRCo6WQFm4TBWYzAdERg,1oTQS2N4TsKhvk7Rnq4hAg,创建时间,CreateTime
gIRWf6CIQzK3S5rMyEmz7A,eYHRCo6WQFm4TBWYzAdERg,1oTQS2N4TsKhvk7Rnq4hAg,更新人,Updater
j4IFJAPHRhW+6KDMCyN0BA,eYHRCo6WQFm4TBWYzAdERg,1oTQS2N4TsKhvk7Rnq4hAg,更新时间,UpdateTime
,,,,
4lPmQ9wtRBWE5AfWrMKDLg,eYHRCo6WQFm4TBWYzAdERg,39x+H1+ORkq2kagjfYlSgw,协议,Protocol
Kkb5ZNpPQhGVI8u2RKdtfg,eYHRCo6WQFm4TBWYzAdERg,39x+H1+ORkq2kagjfYlSgw,名称,Name
0HW7eQ/0TSm4alrLhrzO+w,eYHRCo6WQFm4TBWYzAdERg,39x+H1+ORkq2kagjfYlSgw,锁定,Lock
pZNDZHLRR9OIAqy3+zGybw,eYHRCo6WQFm4TBWYzAdERg,39x+H1+ORkq2kagjfYlSgw,默认,Default
BfaG0ibcSyiKZL5zADDtFA,eYHRCo6WQFm4TBWYzAdERg,39x+H1+ORkq2kagjfYlSgw,启用,Enable
yxMbfDp+Q/ODYk6HDeR0Vg,eYHRCo6WQFm4TBWYzAdERg,39x+H1+ORkq2kagjfYlSgw,排序,Sort
jcBLP7mtQUuIw3DMkR8atw,eYHRCo6WQFm4TBWYzAdERg,39x+H1+ORkq2kagjfYlSgw,备注,Remark
Sd1Of0P0TZmzmxd83Adbrw,eYHRCo6WQFm4TBWYzAdERg,39x+H1+ORkq2kagjfYlSgw,创建人,Creator
RmEQ13jERl6Jt5RNoxph3A,eYHRCo6WQFm4TBWYzAdERg,39x+H1+ORkq2kagjfYlSgw,创建时间,CreateTime
LQ9E6f8zRk6L75AZI7XzWA,eYHRCo6WQFm4TBWYzAdERg,39x+H1+ORkq2kagjfYlSgw,更新人,Updater
VtMVupi6QSeDa/mIZpkkeQ,eYHRCo6WQFm4TBWYzAdERg,39x+H1+ORkq2kagjfYlSgw,更新时间,UpdateTime
,,,,
2YgotyVYTVeSmJbsQHJRhg,eYHRCo6WQFm4TBWYzAdERg,TO8DBpthSvG2/XDWOwAqtA,名称,Name
Mxm7FHDKRGiiFBq4vEy1+Q,eYHRCo6WQFm4TBWYzAdERg,TO8DBpthSvG2/XDWOwAqtA,所属域名,BelongDomain
VDRrnI6iQqmvAhzYrWmAsw,eYHRCo6WQFm4TBWYzAdERg,TO8DBpthSvG2/XDWOwAqtA,菜单权限,MenuPermission
o3hIZOk7Q5+W/+vNRA5KBw,eYHRCo6WQFm4TBWYzAdERg,TO8DBpthSvG2/XDWOwAqtA,语言,Language
+g/E3PkJScuJlDoRXj6TLQ,eYHRCo6WQFm4TBWYzAdERg,TO8DBpthSvG2/XDWOwAqtA,锁定,Lock
xrCbUQBpQ2+IYKb9+IWmwA,eYHRCo6WQFm4TBWYzAdERg,TO8DBpthSvG2/XDWOwAqtA,启用,Enable
x5T4c3FdTMG6DhOc5pu1Og,eYHRCo6WQFm4TBWYzAdERg,TO8DBpthSvG2/XDWOwAqtA,排序,Sort
qU3Z3VxGQGqzk1pu59lLCg,eYHRCo6WQFm4TBWYzAdERg,TO8DBpthSvG2/XDWOwAqtA,备注,Remark
voezdR0FTdqL1mWWY0swKQ,eYHRCo6WQFm4TBWYzAdERg,TO8DBpthSvG2/XDWOwAqtA,创建人,Creator
SZCqJWMjQPquxwmOKlXPWQ,eYHRCo6WQFm4TBWYzAdERg,TO8DBpthSvG2/XDWOwAqtA,创建时间,CreateTime
kvbXYWIGQBO6qTx06WMPRw,eYHRCo6WQFm4TBWYzAdERg,TO8DBpthSvG2/XDWOwAqtA,更新人,Updater
E1XXmUI8QOmHib7nybbytg,eYHRCo6WQFm4TBWYzAdERg,TO8DBpthSvG2/XDWOwAqtA,更新时间,UpdateTime
,,,,
QDhAbMTFTcGk4FTMg8tLcw,eYHRCo6WQFm4TBWYzAdERg,AE6NzvHDQ3CSMdhPlSHCdg,头像,Avatar
n7s0HZzTQgidMXoSqjFbVg,eYHRCo6WQFm4TBWYzAdERg,AE6NzvHDQ3CSMdhPlSHCdg,名称,Name
VxDd1mqwRwa29V8DjCd9yQ,eYHRCo6WQFm4TBWYzAdERg,AE6NzvHDQ3CSMdhPlSHCdg,用户名,Username
xw1n0gyrTxq5EFxUXC3xFg,eYHRCo6WQFm4TBWYzAdERg,AE6NzvHDQ3CSMdhPlSHCdg,密码,Password
2959mW/iQTa+c+c6cxOyrQ,eYHRCo6WQFm4TBWYzAdERg,AE6NzvHDQ3CSMdhPlSHCdg,所属角色,BelongRole
exY2BM8MSM+N0mNoxEajeA,eYHRCo6WQFm4TBWYzAdERg,AE6NzvHDQ3CSMdhPlSHCdg,所属部门,BelongDepartment
6SRYQDTESw68eVnWihgKZQ,eYHRCo6WQFm4TBWYzAdERg,AE6NzvHDQ3CSMdhPlSHCdg,所属组织,BelongOrganization
j0H7ArlzRReivxMz6WK+0w,eYHRCo6WQFm4TBWYzAdERg,AE6NzvHDQ3CSMdhPlSHCdg,默认组织,DefaultOrganization
2sdA7dCpQ/iYgq40VL7Ung,eYHRCo6WQFm4TBWYzAdERg,AE6NzvHDQ3CSMdhPlSHCdg,锁定,Lock
kBRw5YUDSc6XFY0VldD7MA,eYHRCo6WQFm4TBWYzAdERg,AE6NzvHDQ3CSMdhPlSHCdg,启用,Enable
HCD0dtpxQ0SaoobDlpm19w,eYHRCo6WQFm4TBWYzAdERg,AE6NzvHDQ3CSMdhPlSHCdg,排序,Sort
c3Uc3rm4TVmOgwTjWz4mfg,eYHRCo6WQFm4TBWYzAdERg,AE6NzvHDQ3CSMdhPlSHCdg,备注,Remark
kf9D2rkiRPapSonlE4uA8A,eYHRCo6WQFm4TBWYzAdERg,AE6NzvHDQ3CSMdhPlSHCdg,创建人,Creator
5pIEYGimQ9WKK4/YS4UWAA,eYHRCo6WQFm4TBWYzAdERg,AE6NzvHDQ3CSMdhPlSHCdg,创建时间,CreateTime
7GNi1WuNSLGfB6LgQsxIqg,eYHRCo6WQFm4TBWYzAdERg,AE6NzvHDQ3CSMdhPlSHCdg,更新人,Updater
QOSojOY8RCaWu52hrEBfBg,eYHRCo6WQFm4TBWYzAdERg,AE6NzvHDQ3CSMdhPlSHCdg,更新时间,UpdateTime
,,,,
/wiA4H/XQfau3XgWdbG+qQ,eYHRCo6WQFm4TBWYzAdERg,9mMZgzvwTNWB8glB+h4KFg,名称,Name
zsmwVq89TgC9XZkYT3Oilw,eYHRCo6WQFm4TBWYzAdERg,9mMZgzvwTNWB8glB+h4KFg,状态,Status
Gs7gPKIiSUeC9nxTUG+2RQ,eYHRCo6WQFm4TBWYzAdERg,9mMZgzvwTNWB8glB+h4KFg,类型,Type
t+TdcHQuSfiusBBVV6ZSeQ,eYHRCo6WQFm4TBWYzAdERg,9mMZgzvwTNWB8glB+h4KFg,执行结果,ExecutionResult
BD49UzXzTq6xQLT/5z5siQ,eYHRCo6WQFm4TBWYzAdERg,9mMZgzvwTNWB8glB+h4KFg,错误信息,ErrorMessage
L6HlZtuBTP24OsrnxqkCaA,eYHRCo6WQFm4TBWYzAdERg,9mMZgzvwTNWB8glB+h4KFg,开始时间,StartTime
xbIHte3RTOSQpFCkyygk1Q,eYHRCo6WQFm4TBWYzAdERg,9mMZgzvwTNWB8glB+h4KFg,结束时间,EndTime
JtqmRTaqTjWAMUc9oTfekA,eYHRCo6WQFm4TBWYzAdERg,9mMZgzvwTNWB8glB+h4KFg,备注,Remark
FasCB66ZSiKylOjOCsv7+A,eYHRCo6WQFm4TBWYzAdERg,9mMZgzvwTNWB8glB+h4KFg,创建人,Creator
yj296V7jST+lTqTMnXeSKw,eYHRCo6WQFm4TBWYzAdERg,9mMZgzvwTNWB8glB+h4KFg,创建时间,CreateTime
zdHqFXyZQrKEId5UM0zX+A,eYHRCo6WQFm4TBWYzAdERg,9mMZgzvwTNWB8glB+h4KFg,更新人,Updater
zWRRrg8aRbeM5M9YR9Bgfw,eYHRCo6WQFm4TBWYzAdERg,9mMZgzvwTNWB8glB+h4KFg,更新时间,UpdateTime
,,,,
y1cXSy8cRoOASVkEvws6Qw,eYHRCo6WQFm4TBWYzAdERg,K2mq1MJTRdeqyP7f9oFTIQ,名称,Name
LQBbBNV0Qxiuz0s5Qecn0w,eYHRCo6WQFm4TBWYzAdERg,K2mq1MJTRdeqyP7f9oFTIQ,键,Key
ukvPJ33aTuK7DQ6l7U49qg,eYHRCo6WQFm4TBWYzAdERg,K2mq1MJTRdeqyP7f9oFTIQ,值,Value
j28/WEdOTb+1gIx0i6KiIg,eYHRCo6WQFm4TBWYzAdERg,K2mq1MJTRdeqyP7f9oFTIQ,锁定,Lock
USwjiTe6QAWKp+c2mRSMag,eYHRCo6WQFm4TBWYzAdERg,K2mq1MJTRdeqyP7f9oFTIQ,启用,Enable
z1joJPixSjKkrhCcWnKLYQ,eYHRCo6WQFm4TBWYzAdERg,K2mq1MJTRdeqyP7f9oFTIQ,排序,Sort
30J/2QbdSXmgql5hz4Io8g,eYHRCo6WQFm4TBWYzAdERg,K2mq1MJTRdeqyP7f9oFTIQ,备注,Remark
s9RHaEzPTQSoXEb+ohNFJg,eYHRCo6WQFm4TBWYzAdERg,K2mq1MJTRdeqyP7f9oFTIQ,创建人,Creator
1oLHuGD0TqC2UX3mahzLMA,eYHRCo6WQFm4TBWYzAdERg,K2mq1MJTRdeqyP7f9oFTIQ,创建时间,CreateTime
Cfe0uS7PQ6a55A/LU7yG/g,eYHRCo6WQFm4TBWYzAdERg,K2mq1MJTRdeqyP7f9oFTIQ,更新人,Updater
Cv3JKCk+R8am6Q/30v+Ecg,eYHRCo6WQFm4TBWYzAdERg,K2mq1MJTRdeqyP7f9oFTIQ,更新时间,UpdateTime
,,,,
5guN+ZLdSqOWOm+87XqxHA,eYHRCo6WQFm4TBWYzAdERg,m2YNsC/+RHOG66TLKjMHlA,名称,Name
QgYS4jsmQnmG/HCvgyWTUg,eYHRCo6WQFm4TBWYzAdERg,m2YNsC/+RHOG66TLKjMHlA,键,Key
wen4/a4GQmK4BOjZd2NNCQ,eYHRCo6WQFm4TBWYzAdERg,m2YNsC/+RHOG66TLKjMHlA,值,Value
kIi5injIS+6gAQWMuMsqbg,eYHRCo6WQFm4TBWYzAdERg,m2YNsC/+RHOG66TLKjMHlA,锁定,Lock
zccGCQ7TTWu+ero7VePlBA,eYHRCo6WQFm4TBWYzAdERg,m2YNsC/+RHOG66TLKjMHlA,启用,Eanble
AmVX+w6SRDeanf74z2O74g,eYHRCo6WQFm4TBWYzAdERg,m2YNsC/+RHOG66TLKjMHlA,排序,Sort
2GHHfwxnRwqzV62RxAZxag,eYHRCo6WQFm4TBWYzAdERg,m2YNsC/+RHOG66TLKjMHlA,备注,Remark
TtbM6OCyQfmsx2eCqir7HQ,eYHRCo6WQFm4TBWYzAdERg,m2YNsC/+RHOG66TLKjMHlA,创建人,Creator
PRtpmHVITl29iRHCMiBzNA,eYHRCo6WQFm4TBWYzAdERg,m2YNsC/+RHOG66TLKjMHlA,创建时间,CreateTime
64z6b6d7SXiT8lluG3OAbA,eYHRCo6WQFm4TBWYzAdERg,m2YNsC/+RHOG66TLKjMHlA,更新人,Updater
KBS7DtrwTtWPriyXSxVfAA,eYHRCo6WQFm4TBWYzAdERg,m2YNsC/+RHOG66TLKjMHlA,更新时间,UpdateTime
,,,,
EkxfAfCcSTGQ5xvEYZKfgA,eYHRCo6WQFm4TBWYzAdERg,ecLh8jMSQgi3N1qWaWgdsA,模块名称,ModuleName
vJdeJBWeSOOpxzhzftWlPw,eYHRCo6WQFm4TBWYzAdERg,ecLh8jMSQgi3N1qWaWgdsA,方法名称,MethodName
/eNoHnEUQjqUY/BGCU1NSw,eYHRCo6WQFm4TBWYzAdERg,ecLh8jMSQgi3N1qWaWgdsA,操作,Operation
0273ZOMHS/ad5jzv4B+/rw,eYHRCo6WQFm4TBWYzAdERg,ecLh8jMSQgi3N1qWaWgdsA,耗时(毫秒),TimeConsuming(ms)
kW4nDiXVSAqqQKDoQjS/Pg,eYHRCo6WQFm4TBWYzAdERg,ecLh8jMSQgi3N1qWaWgdsA,操作前数据,DataBeforeOperation
hWhnPRvFRvGnzcwbC1tSzA,eYHRCo6WQFm4TBWYzAdERg,ecLh8jMSQgi3N1qWaWgdsA,操作后数据,DataAfterOperation
vkJd/7WVTKWbwV4nqJqsNw,eYHRCo6WQFm4TBWYzAdERg,ecLh8jMSQgi3N1qWaWgdsA,操作人,Operator
KJtPq7vdQruesA9i5mzfjA,eYHRCo6WQFm4TBWYzAdERg,ecLh8jMSQgi3N1qWaWgdsA,操作时间,OperationTime
,,,,
RipicvwSS1+yzOB0RHC1bw,eYHRCo6WQFm4TBWYzAdERg,URsPZOBmRrCCcqZBI4J3xw,名称,Name
RuiCMDLmRGOyrWCmtN5sfA,eYHRCo6WQFm4TBWYzAdERg,URsPZOBmRrCCcqZBI4J3xw,锁定,Lock
rpSL58wQQ+CiVZNNDnC1oQ,eYHRCo6WQFm4TBWYzAdERg,URsPZOBmRrCCcqZBI4J3xw,启用,Enable
VdAS2qkhRwqCTMAXS5fpMA,eYHRCo6WQFm4TBWYzAdERg,URsPZOBmRrCCcqZBI4J3xw,排序,Sort
6ybBcjEGQD2nxqHWFHs0hQ,eYHRCo6WQFm4TBWYzAdERg,URsPZOBmRrCCcqZBI4J3xw,备注,Remark
8V1MPMETSIiQldsTgakluw,eYHRCo6WQFm4TBWYzAdERg,URsPZOBmRrCCcqZBI4J3xw,创建人,Creator
6c5gjbfYRIO7PBK/eFBGDg,eYHRCo6WQFm4TBWYzAdERg,URsPZOBmRrCCcqZBI4J3xw,创建时间,CreateTime
oT19/H3RRXKkC8lqQFQf+A,eYHRCo6WQFm4TBWYzAdERg,URsPZOBmRrCCcqZBI4J3xw,更新人,Updater
fuHeaTTDQai0C4k8F5Re9g,eYHRCo6WQFm4TBWYzAdERg,URsPZOBmRrCCcqZBI4J3xw,更新时间,UpdateTime
,,,,
O6OTzY8ZShuZYsJLESIuag,eYHRCo6WQFm4TBWYzAdERg,L+1jMngoQImVmBCHnhcz8A,父部门,Parent Department
ZzmHKhDdRvKOpjaNWRzO7w,eYHRCo6WQFm4TBWYzAdERg,L+1jMngoQImVmBCHnhcz8A,名称,Name
V7zeVyq6RmytnALhnuQW+A,eYHRCo6WQFm4TBWYzAdERg,L+1jMngoQImVmBCHnhcz8A,部门负责人,DepartmentHead
/HQdnh6sS1SCm0cVS9XFrw,eYHRCo6WQFm4TBWYzAdERg,L+1jMngoQImVmBCHnhcz8A,锁定,Lock
NjWkIMatT4ORNzzK1ly7fw,eYHRCo6WQFm4TBWYzAdERg,L+1jMngoQImVmBCHnhcz8A,启用,Enable
7n405dzWRi6/dgmSWd3VjQ,eYHRCo6WQFm4TBWYzAdERg,L+1jMngoQImVmBCHnhcz8A,排序,Sort
5qDDfYnETqCbkFvGGSs76Q,eYHRCo6WQFm4TBWYzAdERg,L+1jMngoQImVmBCHnhcz8A,组织,Organization
J4NOfCEWSKeJFdgquvNrTQ,eYHRCo6WQFm4TBWYzAdERg,L+1jMngoQImVmBCHnhcz8A,备注,Remark
Jz9aOvLBQdi/jQkTEloWcw,eYHRCo6WQFm4TBWYzAdERg,L+1jMngoQImVmBCHnhcz8A,创建人,Creator
dM05kFQkSG6G6Q2SijFg2g,eYHRCo6WQFm4TBWYzAdERg,L+1jMngoQImVmBCHnhcz8A,创建时间,CreateTime
o5EbIHH5QjazGgPAuoi9iw,eYHRCo6WQFm4TBWYzAdERg,L+1jMngoQImVmBCHnhcz8A,更新人,Updater
51EQF4/OQO2Bh+FCSFuY+Q,eYHRCo6WQFm4TBWYzAdERg,L+1jMngoQImVmBCHnhcz8A,更新时间,UpdateTime
,,,,
4kLgAGfgSeeRCmp75Uml0w,eYHRCo6WQFm4TBWYzAdERg,UVFbKnOJRfelRv93YtbqBQ,编码,Code
DX2LDE2MRL6veE4Zkmyzjg,eYHRCo6WQFm4TBWYzAdERg,UVFbKnOJRfelRv93YtbqBQ,名称,Name
3LTrrgy1SoqUHAK10e8TfA,eYHRCo6WQFm4TBWYzAdERg,UVFbKnOJRfelRv93YtbqBQ,数据类型,DataType
Ti3hM+rrQlWu2bSQKWPmvg,eYHRCo6WQFm4TBWYzAdERg,UVFbKnOJRfelRv93YtbqBQ,锁定,Lock
Wq3sbzDTQueFEnrVt0pViw,eYHRCo6WQFm4TBWYzAdERg,UVFbKnOJRfelRv93YtbqBQ,启用,Enable
Ar3qjb5WTh+c1CNsn4yExA,eYHRCo6WQFm4TBWYzAdERg,UVFbKnOJRfelRv93YtbqBQ,排序,Sort
YrquPQYdQ8iyw4RaoRSwYw,eYHRCo6WQFm4TBWYzAdERg,UVFbKnOJRfelRv93YtbqBQ,备注,Remark
oFiCPUffQ+2FINmlOTC4pg,eYHRCo6WQFm4TBWYzAdERg,UVFbKnOJRfelRv93YtbqBQ,创建人,Creator
k+3g32xAR6K6kPjkKEuMzg,eYHRCo6WQFm4TBWYzAdERg,UVFbKnOJRfelRv93YtbqBQ,创建时间,CreateTime
cSVdmxgfRkerlPthrEOTkA,eYHRCo6WQFm4TBWYzAdERg,UVFbKnOJRfelRv93YtbqBQ,更新人,Updater
3XJe8DxqSxC9p34ge43djg,eYHRCo6WQFm4TBWYzAdERg,UVFbKnOJRfelRv93YtbqBQ,更新时间,UpdateTime
,,,,
7nOAxhmcRZeY3JhxsqaumQ,eYHRCo6WQFm4TBWYzAdERg,PJk939H5R8iY8o+jZ2rQkg,系统字典,Dictionary
ROEgMzppSjSZl4oaRo+zHA,eYHRCo6WQFm4TBWYzAdERg,PJk939H5R8iY8o+jZ2rQkg,名称,Name
MXXPn/roTRWfz52X+ze/Zw,eYHRCo6WQFm4TBWYzAdERg,PJk939H5R8iY8o+jZ2rQkg,值,Value
oJR1xJX8RbeCemEFn72hKA,eYHRCo6WQFm4TBWYzAdERg,PJk939H5R8iY8o+jZ2rQkg,排序,Sort
JdQCsPouTd6yofyCGczLaw,eYHRCo6WQFm4TBWYzAdERg,PJk939H5R8iY8o+jZ2rQkg,锁定,Lock
wuJj/5azQfOYSpHzWKjT2g,eYHRCo6WQFm4TBWYzAdERg,PJk939H5R8iY8o+jZ2rQkg,启用,Enable
JhhcLUE0RB2mQrcsKWTg6Q,eYHRCo6WQFm4TBWYzAdERg,PJk939H5R8iY8o+jZ2rQkg,备注,Remark
OhrOdXadRfqJApSU9YUS/A,eYHRCo6WQFm4TBWYzAdERg,PJk939H5R8iY8o+jZ2rQkg,创建人,Creator
d2bxKWFnSTmZGUKJ8feevw,eYHRCo6WQFm4TBWYzAdERg,PJk939H5R8iY8o+jZ2rQkg,创建时间,CreateTime
TLTEnn0bRXCHJpmImGQmLg,eYHRCo6WQFm4TBWYzAdERg,PJk939H5R8iY8o+jZ2rQkg,更新人,Updater
ML8Ro5nATvSz/eAi8aPFqg,eYHRCo6WQFm4TBWYzAdERg,PJk939H5R8iY8o+jZ2rQkg,更新时间,UpdateTime
,,,,
v+dY+V/5S/i2UwXLijBblQ,eYHRCo6WQFm4TBWYzAdERg,HTt8ThGSRO2Gisb0ym4XbA,编码,Code
hevjbIcNTCmmVprBhGB38w,eYHRCo6WQFm4TBWYzAdERg,HTt8ThGSRO2Gisb0ym4XbA,名称,Name
BjetTERFQ7uBizQZgSqyew,eYHRCo6WQFm4TBWYzAdERg,HTt8ThGSRO2Gisb0ym4XbA,数据类型,DataType
B2Ad8MaKRF6BHe3IwncGAw,eYHRCo6WQFm4TBWYzAdERg,HTt8ThGSRO2Gisb0ym4XbA,锁定,Lock
7r7o59PzTL+LZAHDPpl29g,eYHRCo6WQFm4TBWYzAdERg,HTt8ThGSRO2Gisb0ym4XbA,启用,Enable
f/siD2LQS2Wxs4+VkjFQ+w,eYHRCo6WQFm4TBWYzAdERg,HTt8ThGSRO2Gisb0ym4XbA,排序,Sort
VZMsR29gRK6oTw74V9yg0w,eYHRCo6WQFm4TBWYzAdERg,HTt8ThGSRO2Gisb0ym4XbA,备注,Remark
UOQLCy7qQSyt9JBUy3JTng,eYHRCo6WQFm4TBWYzAdERg,HTt8ThGSRO2Gisb0ym4XbA,创建人,Creator
iixYFhW0T3iVbE3VUS50VA,eYHRCo6WQFm4TBWYzAdERg,HTt8ThGSRO2Gisb0ym4XbA,创建时间,CreateTime
SPKNQ+sQTBG6kRiDoQ8Fjg,eYHRCo6WQFm4TBWYzAdERg,HTt8ThGSRO2Gisb0ym4XbA,更新人,Updater
jDJkpP9GR4yRePXi5THH4g,eYHRCo6WQFm4TBWYzAdERg,HTt8ThGSRO2Gisb0ym4XbA,更新时间,UpdateTime
,,,,
819i8eB0Q7CRbZEM/EK05A,eYHRCo6WQFm4TBWYzAdERg,CLS7/z9CRoqU72vUE7vdGA,业务字典,BusinessDictionary
x8AvzLctSH6XYs6EtrPxYg,eYHRCo6WQFm4TBWYzAdERg,CLS7/z9CRoqU72vUE7vdGA,名称,Name
4DADnSikTjuLRUw70L5jLg,eYHRCo6WQFm4TBWYzAdERg,CLS7/z9CRoqU72vUE7vdGA,值,Value
G1fFqHhsQxOt5Qm933QTPQ,eYHRCo6WQFm4TBWYzAdERg,CLS7/z9CRoqU72vUE7vdGA,锁定,Lock
1nzVT7yeSWWIqX6oM5fYkQ,eYHRCo6WQFm4TBWYzAdERg,CLS7/z9CRoqU72vUE7vdGA,启用,Enable
squqKLQCSDybGDWndW23wQ,eYHRCo6WQFm4TBWYzAdERg,CLS7/z9CRoqU72vUE7vdGA,排序,Sort
Us53bi0USpSn4sk59I0UiA,eYHRCo6WQFm4TBWYzAdERg,CLS7/z9CRoqU72vUE7vdGA,备注,Remark
jGHLJCbNSuenJ2ot1jHkmQ,eYHRCo6WQFm4TBWYzAdERg,CLS7/z9CRoqU72vUE7vdGA,创建人,Creator
XWxL8DI+TaSyUIiBa3BX+w,eYHRCo6WQFm4TBWYzAdERg,CLS7/z9CRoqU72vUE7vdGA,创建时间,CreateTime
0qWljBOAQz25SwOl7qSfsA,eYHRCo6WQFm4TBWYzAdERg,CLS7/z9CRoqU72vUE7vdGA,更新人,Updater
volBS79aThG8KOB5f5Z/VA,eYHRCo6WQFm4TBWYzAdERg,CLS7/z9CRoqU72vUE7vdGA,更新时间,UpdateTime
,,,,
Wgd2m4AATRaUPhxWKAoBmg,eYHRCo6WQFm4TBWYzAdERg,avUSu4oaRnuqAAZ5zXxX9g,编码,Code
5H04m/ELSmy0hmT3NPbDGA,eYHRCo6WQFm4TBWYzAdERg,avUSu4oaRnuqAAZ5zXxX9g,名称,Name
pHDFjm+OTGCG6oDPvJM6UA,eYHRCo6WQFm4TBWYzAdERg,avUSu4oaRnuqAAZ5zXxX9g,启用,Enable
OQbQXTdhSsWbSAGpvrECRw,eYHRCo6WQFm4TBWYzAdERg,avUSu4oaRnuqAAZ5zXxX9g,排序,Sort
y+EmYBFgQ5anUNEGAbLzfA,eYHRCo6WQFm4TBWYzAdERg,avUSu4oaRnuqAAZ5zXxX9g,备注,Remark
V2rfduCIQum8lT5sGVK8iQ,eYHRCo6WQFm4TBWYzAdERg,avUSu4oaRnuqAAZ5zXxX9g,创建人,Creator
/PJsHxpUQLu3cW3kH3oprg,eYHRCo6WQFm4TBWYzAdERg,avUSu4oaRnuqAAZ5zXxX9g,创建时间,CreateTime
dQqOaZO5SvmI8LeRtVgatA,eYHRCo6WQFm4TBWYzAdERg,avUSu4oaRnuqAAZ5zXxX9g,更新人,Updater
4w73wvbWQ16xWlPLDshjzQ,eYHRCo6WQFm4TBWYzAdERg,avUSu4oaRnuqAAZ5zXxX9g,更新时间,UpdateTime
,,,,
fyVC9SVhTFysyNo64CT7Rw,eYHRCo6WQFm4TBWYzAdERg,5lhD4VfTQs2vzkZUx8U+ew,语言,Language
+ib84TrXSlCil8R2bbfWFw,eYHRCo6WQFm4TBWYzAdERg,5lhD4VfTQs2vzkZUx8U+ew,菜单,Menu
qCNWpF7dScOQA9+2aNLbJA,eYHRCo6WQFm4TBWYzAdERg,5lhD4VfTQs2vzkZUx8U+ew,编码,Code
XhT8lYv+SDugLdnbZs+1Gw,eYHRCo6WQFm4TBWYzAdERg,5lhD4VfTQs2vzkZUx8U+ew,名称,Name
SmiC1u8ZTrKSD/CCh3SQhQ,eYHRCo6WQFm4TBWYzAdERg,5lhD4VfTQs2vzkZUx8U+ew,备注,Remark
Ncd2WLw0T7yeFy+izjiSZg,eYHRCo6WQFm4TBWYzAdERg,5lhD4VfTQs2vzkZUx8U+ew,创建人,Creator
cpf+6uVER++dB0/5boHrvA,eYHRCo6WQFm4TBWYzAdERg,5lhD4VfTQs2vzkZUx8U+ew,创建时间,CreateTime
RYFlLKO8RT2H9vV0ItKToA,eYHRCo6WQFm4TBWYzAdERg,5lhD4VfTQs2vzkZUx8U+ew,更新人,Updater
P+4t/M/sTaWzZafhbrQ1TQ,eYHRCo6WQFm4TBWYzAdERg,5lhD4VfTQs2vzkZUx8U+ew,更新时间,UpdateTime
,,,,
PZZkmPgNQRqlVLe6Xk/8UA,eYHRCo6WQFm4TBWYzAdERg,vU3glaDcRtSU6zYA02lxbA,菜单,Menu
Fe6uWY++RASabtrGZTxq0g,eYHRCo6WQFm4TBWYzAdERg,vU3glaDcRtSU6zYA02lxbA,编码,Code
0CUD4zyFQGGw/Esrq9MIuQ,eYHRCo6WQFm4TBWYzAdERg,vU3glaDcRtSU6zYA02lxbA,名称,Name
MKxsAk7sR/KlKe1WykAmvw,eYHRCo6WQFm4TBWYzAdERg,vU3glaDcRtSU6zYA02lxbA,备注,Remark
mTCQpbNCSOe7XSvqdr0T3g,eYHRCo6WQFm4TBWYzAdERg,vU3glaDcRtSU6zYA02lxbA,创建人,Creator
6mq6kNs+RBGhWSh7ldK1PA,eYHRCo6WQFm4TBWYzAdERg,vU3glaDcRtSU6zYA02lxbA,创建时间,CreateTime
BGGRnvqoSV2VoODa46foBQ,eYHRCo6WQFm4TBWYzAdERg,vU3glaDcRtSU6zYA02lxbA,更新人,Updater
9WyxdWi3S9OUoLwwvFsNig,eYHRCo6WQFm4TBWYzAdERg,vU3glaDcRtSU6zYA02lxbA,更新时间,UpdateTime
,,,,
7MkigbMOQ3ijFOhiOgnSTQ,eYHRCo6WQFm4TBWYzAdERg,udIlgfLwS4SoJ8ZnLl8CqQ,菜单,Menu
0xuATSGFTI6PYroRpA7Nmg,eYHRCo6WQFm4TBWYzAdERg,udIlgfLwS4SoJ8ZnLl8CqQ,范围,Scope
x5bKxtyoTbu6u7N6WPQCsw,eYHRCo6WQFm4TBWYzAdERg,udIlgfLwS4SoJ8ZnLl8CqQ,类型,Type
6I13nvA7S5afJVbD+FO3SQ,eYHRCo6WQFm4TBWYzAdERg,udIlgfLwS4SoJ8ZnLl8CqQ,备注,Remark
bwt32CuAQV2DgPWzjavzgw,eYHRCo6WQFm4TBWYzAdERg,udIlgfLwS4SoJ8ZnLl8CqQ,创建人,Creator
tfe8sGW0QiO3gE5lmfAoSA,eYHRCo6WQFm4TBWYzAdERg,udIlgfLwS4SoJ8ZnLl8CqQ,创建时间,CreateTime
5GJVKjGYRMaq+tB/7nSTsQ,eYHRCo6WQFm4TBWYzAdERg,udIlgfLwS4SoJ8ZnLl8CqQ,更新人,Updater
F1Ik4pPYS12YfN7Nq25uwg,eYHRCo6WQFm4TBWYzAdERg,udIlgfLwS4SoJ8ZnLl8CqQ,更新时间,UpdateTime
,,,,
L7XxaHVRQ42TaDzYVYnwZQ,eYHRCo6WQFm4TBWYzAdERg,yOszxpUcTtCwoUZvFeXhow,菜单,Menu
XXFmXoZKRXenUKgsHV2cuQ,eYHRCo6WQFm4TBWYzAdERg,yOszxpUcTtCwoUZvFeXhow,编码,Code
GLu0LvIaQd+w2GdmNoBr+g,eYHRCo6WQFm4TBWYzAdERg,yOszxpUcTtCwoUZvFeXhow,名称,Name
xd3lG0GCR2mzl57eLzDLmQ,eYHRCo6WQFm4TBWYzAdERg,yOszxpUcTtCwoUZvFeXhow,备注,Remark
hJ5yiCP/S+mv/6bARYNX/w,eYHRCo6WQFm4TBWYzAdERg,yOszxpUcTtCwoUZvFeXhow,创建人,Creator
gm83a0ukQZCULNAT3Hsyyw,eYHRCo6WQFm4TBWYzAdERg,yOszxpUcTtCwoUZvFeXhow,创建时间,CreateTime
XAjhKOH6R8Wlyc9XJPNMEg,eYHRCo6WQFm4TBWYzAdERg,yOszxpUcTtCwoUZvFeXhow,更新人,Updater
TkulMFE9RJ+xaitNc5FaHQ,eYHRCo6WQFm4TBWYzAdERg,yOszxpUcTtCwoUZvFeXhow,更新时间,UpdateTime
,,,,
uJ3rWlmzTNeIkW97R8SB8A,eYHRCo6WQFm4TBWYzAdERg,6Z68pDPOR9K4RYzKB0W/qQ,类型,Type
z4dXFRvVQE2vGbwyGw0VoA,eYHRCo6WQFm4TBWYzAdERg,6Z68pDPOR9K4RYzKB0W/qQ,用户名,Username
uUkRpauURyyaSSHnkO0jfw,eYHRCo6WQFm4TBWYzAdERg,6Z68pDPOR9K4RYzKB0W/qQ,登录成功,LoginSuccess
ODNJGEIESLaSkBfUHFhHOQ,eYHRCo6WQFm4TBWYzAdERg,6Z68pDPOR9K4RYzKB0W/qQ,IP,IP
x+UZ6EPrQT2dIsA+UYbATg,eYHRCo6WQFm4TBWYzAdERg,6Z68pDPOR9K4RYzKB0W/qQ,登录时间,LoginTime
,,,,