id,tenant_id,menu_id
+cWjhM1WTQe/2Kb9K20G6g,ZDbZlC1OT8KaDg6soxMCBQ,TO8DBpthSvG2/XDWOwAqtA
88hNHsM+RKeIl/ZhXv0AOQ,ZDbZlC1OT8KaDg6soxMCBQ,1oTQS2N4TsKhvk7Rnq4hAg
Py2LstDnTKSQnUvAz5CW2g,ZDbZlC1OT8KaDg6soxMCBQ,6ZeQOSTtRpGy+467HJZuBw
hVzv4/BZTKmI3Qq2+OjvDg,ZDbZlC1OT8KaDg6soxMCBQ,AE6NzvHDQ3CSMdhPlSHCdg
qIOedzW5SPuUBvnNibAK5Q,ZDbZlC1OT8KaDg6soxMCBQ,LiRTLUICQA2SRlJgYoNmnA
73svY4FWQ1G/twseNLyqeg,ZDbZlC1OT8KaDg6soxMCBQ,9mMZgzvwTNWB8glB+h4KFg
CTkucqz+R9qCXziwnGSKOQ,ZDbZlC1OT8KaDg6soxMCBQ,K2mq1MJTRdeqyP7f9oFTIQ
kxKDw+4cQQ6A1ioacobufg,ZDbZlC1OT8KaDg6soxMCBQ,ecLh8jMSQgi3N1qWaWgdsA
92rtNChSSMebT6hTGU9u0Q,ZDbZlC1OT8KaDg6soxMCBQ,L+1jMngoQImVmBCHnhcz8A
slqEmwfTQnK76Q6afvCHrg,ZDbZlC1OT8KaDg6soxMCBQ,UVFbKnOJRfelRv93YtbqBQ
yj8eAIo+SkK0vHMOxxFTgQ,ZDbZlC1OT8KaDg6soxMCBQ,HTt8ThGSRO2Gisb0ym4XbA
aCexNU+wQKC1KMh50mRzow,ZDbZlC1OT8KaDg6soxMCBQ,avUSu4oaRnuqAAZ5zXxX9g
Ypmi9qExQkqOC2EkxUDb0w,ZDbZlC1OT8KaDg6soxMCBQ,5lhD4VfTQs2vzkZUx8U+ew
RklUzpT0SUyM4qCTPAtD5w,ZDbZlC1OT8KaDg6soxMCBQ,vU3glaDcRtSU6zYA02lxbA
IAimsAarShqp8Bx2C9HjHQ,ZDbZlC1OT8KaDg6soxMCBQ,39x+H1+ORkq2kagjfYlSgw
kzn6vsxdQJG9u9L55YKT4g,ZDbZlC1OT8KaDg6soxMCBQ,URsPZOBmRrCCcqZBI4J3xw
JfmAVslzSkWjvU3M8cH7Hg,ZDbZlC1OT8KaDg6soxMCBQ,udIlgfLwS4SoJ8ZnLl8CqQ
OJs/IReGRfKLK1FQBR3qGw,ZDbZlC1OT8KaDg6soxMCBQ,4k6/hCU6Qw29nNYGgVgjeQ